case_id,event_date,event_time_utc,site,classification,verification,source,visibility_smiles,visibility_km,duration_heavy_min,peak_wind_kt,peak_gust_kt,temp_c,temp_dewpoint_c,hybrid,notes
BTV-2005-12-20,2005-12-20,22:22,KBTV,positive,verified,Banacos_2014,0.50,0.80,11,12,19,-3.3,-5.0,false,Original climatology
BTV-2006-02-24,2006-02-24,15:10,KBTV,positive,verified,Banacos_2014,0.13,0.21,47,19,31,-3.9,-5.0,false,Original climatology
BTV-2006-03-01,2006-03-01,03:09,KBTV,positive,verified,Banacos_2014,0.50,0.80,9,15,23,-9.4,-11.7,false,Original climatology
BTV-2007-01-10,2007-01-10,14:10,KBTV,positive,verified,Banacos_2014,0.25,0.40,12,15,20,-5.6,-10.6,false,Original climatology
BTV-2007-02-09,2007-02-09,07:28,KBTV,positive,verified,Banacos_2014,0.50,0.80,9,18,23,-8.3,-11.1,false,Original climatology
BTV-2007-12-08,2007-12-08,17:21,KBTV,positive,verified,Banacos_2014,0.25,0.40,14,20,29,2.8,0.0,false,Original climatology
BTV-2008-01-20,2008-01-20,06:12,KBTV,positive,verified,Banacos_2014,0.25,0.40,8,19,26,-6.7,-10.0,false,Original climatology
BTV-2008-02-10,2008-02-10,16:29,KBTV,positive,verified,Banacos_2014,0.25,0.40,22,13,35,0.6,0.0,false,Original climatology
BTV-2008-12-07,2008-12-07,20:38,KBTV,positive,verified,Banacos_2014,0.25,0.40,16,19,26,-1.7,-5.6,false,Original climatology
BTV-2009-01-25,2009-01-25,20:54,KBTV,positive,verified,Banacos_2014,0.25,0.40,18,10,18,-10.0,-11.7,true,Original climatology; hybrid
BTV-2009-01-30,2009-01-30,22:42,KBTV,positive,verified,Banacos_2014,0.25,0.40,29,6,16,-1.7,-4.4,false,Original climatology
BTV-2009-12-29,2009-12-29,08:18,KBTV,positive,verified,Banacos_2014,0.50,0.80,25,18,30,-2.8,-11.1,false,Original climatology
BTV-2010-01-28,2010-01-28,19:18,KBTV,positive,verified,Banacos_2014,0.13,0.21,14,12,20,0.0,-2.2,false,Original climatology
BTV-2010-11-27,2010-11-27,17:07,KBTV,positive,verified,Banacos_2014,0.13,0.21,15,13,31,0.0,0.6,true,Original climatology; hybrid
