source_study_case_id,historical_case_id,event_start_utc,site,match_key
BTV20020323,SQCL-2002-03-23-KBTV,2002-03-23T22:11:00Z,KBTV,2002-03-23|KBTV|22:11
BTV20030113,SQCL-2003-01-13-KMSS,2003-01-13T16:53:00Z,KMSS,2003-01-13|KMSS|16:53
BTV20030209,SQCL-2003-02-09-KMPV,2003-02-09T21:00:00Z,KMPV,2003-02-09|KMPV|21:00
BTV20031202,SQCL-2003-12-02-KMPV,2003-12-02T15:51:00Z,KMPV,2003-12-02|KMPV|15:51
BTV20040315,SQCL-2004-03-15-KMSS,2004-03-15T07:44:00Z,KMSS,2004-03-15|KMSS|07:44
BTV20040323,SQCL-2004-03-23-KBTV,2004-03-23T23:40:00Z,KBTV,2004-03-23|KBTV|23:40
BTV20041203,SQCL-2004-12-03-KBTV,2004-12-03T22:00:00Z,KBTV,2004-12-03|KBTV|22:00
BTV20041217,SQCL-2004-12-17-KMPV,2004-12-17T14:42:00Z,KMPV,2004-12-17|KMPV|14:42
BTV20050111,SQCL-2005-01-11-KBTV,2005-01-11T01:24:00Z,KBTV,2005-01-11|KBTV|01:24
BTV20050213,SQCL-2005-02-13-KBTV,2005-02-13T09:24:00Z,KBTV,2005-02-13|KBTV|09:24
BTV20050220,SQCL-2005-02-20-KBTV,2005-02-20T03:11:00Z,KBTV,2005-02-20|KBTV|03:11
BTV20051124,SQCL-2005-11-24-KBTV,2005-11-24T23:41:00Z,KBTV,2005-11-24|KBTV|23:41
BTV20051220,SQCL-2005-12-20-KBTV,2005-12-20T22:22:00Z,KBTV,2005-12-20|KBTV|22:22
BTV20060207,SQCL-2006-02-07-KMPV,2006-02-07T04:47:00Z,KMPV,2006-02-07|KMPV|04:47
BTV20060224,SQCL-2006-02-24-KBTV,2006-02-24T15:10:00Z,KBTV,2006-02-24|KBTV|15:10
BTV20060301,SQCL-2006-03-01-KBTV,2006-03-01T03:09:00Z,KBTV,2006-03-01|KBTV|03:09
BTV20060315,SQCL-2006-03-15-KMPV,2006-03-15T06:24:00Z,KMPV,2006-03-15|KMPV|06:24
BTV20060319,SQCL-2006-03-19-KMPV,2006-03-19T14:14:00Z,KMPV,2006-03-19|KMPV|14:14
BTV20070110,SQCL-2007-01-10-KBTV,2007-01-10T14:10:00Z,KBTV,2007-01-10|KBTV|14:10
BTV20070124,SQCL-2007-01-24-KMPV,2007-01-24T13:48:00Z,KMPV,2007-01-24|KMPV|13:48
BTV20070205,SQCL-2007-02-05-KMPV,2007-02-05T15:34:00Z,KMPV,2007-02-05|KMPV|15:34
BTV20070209,SQCL-2007-02-09-KBTV,2007-02-09T07:28:00Z,KBTV,2007-02-09|KBTV|07:28
BTV20070305,SQCL-2007-03-05-KMPV,2007-03-05T17:42:00Z,KMPV,2007-03-05|KMPV|17:42
BTV20071130,SQCL-2007-11-30-KMSS,2007-11-30T21:28:00Z,KMSS,2007-11-30|KMSS|21:28
BTV20071208,SQCL-2007-12-08-KBTV,2007-12-08T17:21:00Z,KBTV,2007-12-08|KBTV|17:21
BTV20080120,SQCL-2008-01-20-KBTV,2008-01-20T06:12:00Z,KBTV,2008-01-20|KBTV|06:12
BTV20080210,SQCL-2008-02-10-KBTV,2008-02-10T16:29:00Z,KBTV,2008-02-10|KBTV|16:29
BTV20080215,SQCL-2008-02-15-KMPV,2008-02-15T20:12:00Z,KMPV,2008-02-15|KMPV|20:12
BTV20081207,SQCL-2008-12-07-KBTV,2008-12-07T20:38:00Z,KBTV,2008-12-07|KBTV|20:38
BTV20090125,SQCL-2009-01-25-KBTV,2009-01-25T20:54:00Z,KBTV,2009-01-25|KBTV|20:54
BTV20090130,SQCL-2009-01-30-KBTV,2009-01-30T22:42:00Z,KBTV,2009-01-30|KBTV|22:42
BTV20091229,SQCL-2009-12-29-KBTV,2009-12-29T08:18:00Z,KBTV,2009-12-29|KBTV|08:18
BTV20100128,SQCL-2010-01-28-KBTV,2010-01-28T19:18:00Z,KBTV,2010-01-28|KBTV|19:18
BTV20101127,SQCL-2010-11-27-KBTV,2010-11-27T17:07:00Z,KBTV,2010-11-27|KBTV|17:07
BTV20110219,SQCL-2011-02-19-KMPV,2011-02-19T05:49:00Z,KMPV,2011-02-19|KMPV|05:49
BTV20110302,SQCL-2011-03-02-KMSS,2011-03-02T13:55:00Z,KMSS,2011-03-02|KMSS|13:55
