case_id,case_type,label_status,radar_status,metar_status,mrms_status,rap_status,mping_status,track_status,replay_status,next_action
SQCL-2002-03-23-KBTV,research_benchmark,verified_pending_features,pending,pending,pending,pending,pending,pending,ready,acquire_radar
SQCL-2003-01-13-KMSS,research_benchmark,verified_pending_features,pending,pending,pending,pending,pending,pending,ready,acquire_radar
SQCL-2003-02-09-KMPV,research_benchmark,verified_pending_features,pending,pending,pending,pending,pending,pending,ready,acquire_radar
SQCL-2003-12-02-KMPV,research_benchmark,verified_pending_features,pending,pending,pending,pending,pending,pending,ready,acquire_radar
SQCL-2004-03-15-KMSS,research_benchmark,verified_pending_features,pending,pending,pending,pending,pending,pending,ready,acquire_radar
SQCL-2004-03-23-KBTV,research_benchmark,verified_pending_features,pending,pending,pending,pending,pending,pending,ready,acquire_radar
SQCL-2004-12-03-KBTV,research_benchmark,verified_pending_features,pending,pending,pending,pending,pending,pending,ready,acquire_radar
SQCL-2004-12-17-KMPV,research_benchmark,verified_pending_features,pending,pending,pending,pending,pending,pending,ready,acquire_radar
SQCL-2005-01-11-KBTV,research_benchmark,verified_pending_features,pending,pending,pending,pending,pending,pending,ready,acquire_radar
SQCL-2005-02-13-KBTV,research_benchmark,verified_pending_features,pending,pending,pending,pending,pending,pending,ready,acquire_radar
SQCL-2005-02-20-KBTV,research_benchmark,verified_pending_features,pending,pending,pending,pending,pending,pending,ready,acquire_radar
SQCL-2005-11-24-KBTV,research_benchmark,verified_pending_features,pending,pending,pending,pending,pending,pending,ready,acquire_radar
SQCL-2005-12-20-KBTV,research_benchmark,verified_pending_features,pending,pending,pending,pending,pending,pending,ready,acquire_radar
SQCL-2006-02-07-KMPV,research_benchmark,verified_pending_features,pending,pending,pending,pending,pending,pending,ready,acquire_radar
SQCL-2006-02-24-KBTV,research_benchmark,verified_pending_features,pending,pending,pending,pending,pending,pending,ready,acquire_radar
SQCL-2006-03-01-KBTV,research_benchmark,verified_pending_features,pending,pending,pending,pending,pending,pending,ready,acquire_radar
SQCL-2006-03-15-KMPV,research_benchmark,verified_pending_features,pending,pending,pending,pending,pending,pending,ready,acquire_radar
SQCL-2006-03-19-KMPV,research_benchmark,verified_pending_features,pending,pending,pending,pending,pending,pending,ready,acquire_radar
SQCL-2007-01-10-KBTV,research_benchmark,verified_pending_features,pending,pending,pending,pending,pending,pending,ready,acquire_radar
SQCL-2007-01-24-KMPV,research_benchmark,verified_pending_features,pending,pending,pending,pending,pending,pending,ready,acquire_radar
SQCL-2007-02-05-KMPV,research_benchmark,verified_pending_features,pending,pending,pending,pending,pending,pending,ready,acquire_radar
SQCL-2007-02-09-KBTV,research_benchmark,verified_pending_features,pending,pending,pending,pending,pending,pending,ready,acquire_radar
SQCL-2007-03-05-KMPV,research_benchmark,verified_pending_features,pending,pending,pending,pending,pending,pending,ready,acquire_radar
SQCL-2007-11-30-KMSS,research_benchmark,verified_pending_features,pending,pending,pending,pending,pending,pending,ready,acquire_radar
SQCL-2007-12-08-KBTV,research_benchmark,verified_pending_features,pending,pending,pending,pending,pending,pending,ready,acquire_radar
SQCL-2008-01-20-KBTV,research_benchmark,verified_pending_features,pending,pending,pending,pending,pending,pending,ready,acquire_radar
SQCL-2008-02-10-KBTV,research_benchmark,verified_pending_features,pending,pending,pending,pending,pending,pending,ready,acquire_radar
SQCL-2008-02-15-KMPV,research_benchmark,verified_pending_features,pending,pending,pending,pending,pending,pending,ready,acquire_radar
SQCL-2008-12-07-KBTV,research_benchmark,verified_pending_features,pending,pending,pending,pending,pending,pending,ready,acquire_radar
SQCL-2009-01-25-KBTV,research_benchmark,verified_pending_features,pending,pending,pending,pending,pending,pending,ready,acquire_radar
SQCL-2009-01-30-KBTV,research_benchmark,verified_pending_features,pending,pending,pending,pending,pending,pending,ready,acquire_radar
SQCL-2009-12-29-KBTV,research_benchmark,verified_pending_features,pending,pending,pending,pending,pending,pending,ready,acquire_radar
SQCL-2010-01-28-KBTV,research_benchmark,verified_pending_features,pending,pending,pending,pending,pending,pending,ready,acquire_radar
SQCL-2010-11-27-KBTV,research_benchmark,verified_pending_features,pending,pending,pending,pending,pending,pending,ready,acquire_radar
SQCL-2011-02-19-KMPV,research_benchmark,verified_pending_features,pending,pending,pending,pending,pending,pending,ready,acquire_radar
SQCL-2011-03-02-KMSS,research_benchmark,verified_pending_features,pending,pending,pending,pending,pending,pending,ready,acquire_radar
