case_id,date_local,observing_station,start_time_utc,min_visibility_km,vis_lt_04_min,vis_lt_08_min,peak_wind_group,peak_gust_kt,start_temp_c,end_temp_c,hybrid_case,source_study
BANACOS20020323_KBTV,2002-03-23,KBTV,22:11,0.4,35,48,27013G19KT,19,0,-0.6,true,Banacos et al. 2014 NWA JOM Table 2
BANACOS20030113_KMSS,2003-01-13,KMSS,16:53,0.4,14,38,22021G24KT,24,-5,-3.9,false,Banacos et al. 2014 NWA JOM Table 2
BANACOS20030209_KMPV,2003-02-09,KMPV,21:00,0.4,14,26,31011G18KT,18,-7.2,-7.8,true,Banacos et al. 2014 NWA JOM Table 2
BANACOS20031202_KMPV,2003-12-02,KMPV,15:51,0.4,19,28,31013G17KT,17,-7.8,-9.4,false,Banacos et al. 2014 NWA JOM Table 2
BANACOS20040315_KMSS,2004-03-15,KMSS,07:44,0.4,9,9,26020G32KT,32,1.7,1.1,false,Banacos et al. 2014 NWA JOM Table 2
BANACOS20040323_KBTV,2004-03-23,KBTV,23:40,0.4,38,45,30011G23KT,23,0.6,-1.1,false,Banacos et al. 2014 NWA JOM Table 2
BANACOS20041203_KBTV,2004-12-03,KBTV,22:00,0.4,14,20,35010KT,10,-4.4,-6.1,false,Banacos et al. 2014 NWA JOM Table 2
BANACOS20041217_KMPV,2004-12-17,KMPV,14:42,0.4,20,20,30021G29KT,29,0,-3.3,false,Banacos et al. 2014 NWA JOM Table 2
BANACOS20050111_KBTV,2005-01-11,KBTV,01:24,0.8,NA,3,29013G25KT,25,1.1,-1.1,false,Banacos et al. 2014 NWA JOM Table 2
BANACOS20050213_KBTV,2005-02-13,KBTV,09:24,0.4,17,89,34017G21KT,21,-4.4,-6.7,false,Banacos et al. 2014 NWA JOM Table 2
BANACOS20050220_KBTV,2005-02-20,KBTV,03:11,0.8,NA,13,34011G19KT,19,-7.2,-7.8,false,Banacos et al. 2014 NWA JOM Table 2
BANACOS20051124_KBTV,2005-11-24,KBTV,23:41,0.8,NA,13,27015G21KT,21,-1.1,-2.2,false,Banacos et al. 2014 NWA JOM Table 2
BANACOS20051220_KBTV,2005-12-20,KBTV,22:22,0.8,NA,11,32012G19KT,19,-3.3,-5,false,Banacos et al. 2014 NWA JOM Table 2
BANACOS20060207_KMPV,2006-02-07,KMPV,04:47,0.4,4,44,32010G16KT,16,-3.9,-6.7,true,Banacos et al. 2014 NWA JOM Table 2
BANACOS20060224_KBTV,2006-02-24,KBTV,15:10,0.21,47,64,31019G31KT,31,-3.9,-5,false,Banacos et al. 2014 NWA JOM Table 2
BANACOS20060301_KBTV,2006-03-01,KBTV,03:09,0.8,NA,10,33015G23KT,23,-9.4,-11.7,false,Banacos et al. 2014 NWA JOM Table 2
BANACOS20060315_KMPV,2006-03-15,KMPV,06:24,0.4,7,13,29016G21KT,21,-0.6,-2.2,false,Banacos et al. 2014 NWA JOM Table 2
BANACOS20060319_KMPV,2006-03-19,KMPV,14:14,0.4,24,24,29013G17KT,17,-7.2,-6.7,false,Banacos et al. 2014 NWA JOM Table 2
BANACOS20070110_KBTV,2007-01-10,KBTV,14:10,0.4,12,35,33015G20KT,20,-5.6,-10.6,false,Banacos et al. 2014 NWA JOM Table 2
BANACOS20070124_KMPV,2007-01-24,KMPV,13:48,0.4,10,15,31011G16KT,16,-7.2,-5.6,false,Banacos et al. 2014 NWA JOM Table 2
BANACOS20070205_KMPV,2007-02-05,KMPV,15:34,0.4,17,70,31014G21KT,21,-16.7,-17.2,true,Banacos et al. 2014 NWA JOM Table 2
BANACOS20070209_KBTV,2007-02-09,KBTV,07:28,0.8,NA,26,34018G23KT,23,-8.3,-11.1,false,Banacos et al. 2014 NWA JOM Table 2
BANACOS20070305_KMPV,2007-03-05,KMPV,17:42,0.4,21,31,30018G30KT,30,-2.8,-3.9,false,Banacos et al. 2014 NWA JOM Table 2
BANACOS20071130_KMSS,2007-11-30,KMSS,21:28,0.4,15,20,21016G25KT,25,0.6,0,false,Banacos et al. 2014 NWA JOM Table 2
BANACOS20071208_KBTV,2007-12-08,KBTV,17:21,0.4,14,25,32020G29KT,29,2.8,0,false,Banacos et al. 2014 NWA JOM Table 2
BANACOS20080120_KBTV,2008-01-20,KBTV,06:12,0.4,8,11,34019G26KT,26,-6.7,-10,false,Banacos et al. 2014 NWA JOM Table 2
BANACOS20080210_KBTV,2008-02-10,KBTV,16:29,0.4,22,35,33013KT,13,0.6,0,false,Banacos et al. 2014 NWA JOM Table 2
BANACOS20080215_KMPV,2008-02-15,KMPV,20:12,0.4,26,26,32014G24KT,24,-1.1,-5.6,false,Banacos et al. 2014 NWA JOM Table 2
BANACOS20081207_KBTV,2008-12-07,KBTV,20:38,0.4,16,22,30019G26KT,26,-1.7,-5.6,false,Banacos et al. 2014 NWA JOM Table 2
BANACOS20090125_KBTV,2009-01-25,KBTV,20:54,0.4,18,48,36010G18KT,18,-10,-11.7,true,Banacos et al. 2014 NWA JOM Table 2
BANACOS20090130_KBTV,2009-01-30,KBTV,22:42,0.4,29,39,27006G16KT,16,-1.7,-4.4,false,Banacos et al. 2014 NWA JOM Table 2
BANACOS20091229_KBTV,2009-12-29,KBTV,08:18,0.4,25,25,32018G30KT,30,-2.8,-11.1,false,Banacos et al. 2014 NWA JOM Table 2
BANACOS20100128_KBTV,2010-01-28,KBTV,19:18,0.21,14,29,28012G20KT,20,0,-2.2,false,Banacos et al. 2014 NWA JOM Table 2
BANACOS20101127_KBTV,2010-11-27,KBTV,17:07,0.21,15,23,30013G31KT,31,0,0.6,true,Banacos et al. 2014 NWA JOM Table 2
BANACOS20110219_KMPV,2011-02-19,KMPV,05:49,0.4,11,11,29027G37KT,37,3.9,0,false,Banacos et al. 2014 NWA JOM Table 2
BANACOS20110302_KMSS,2011-03-02,KMSS,13:55,0.4,30,30,29020G28KT,28,2.8,-1.7,false,Banacos et al. 2014 NWA JOM Table 2
