case_id,source_study,source_case_id,event_start_utc,observing_station,min_visibility_km,start_time_utc,vis_below_0p4_min,vis_below_0p8_min,peak_wind_kt,peak_wind_raw,start_temp_c,end_temp_c,hybrid_case,cwa,label_status,notes
BTV20020323,banacos_2014,01,2002-03-23T22:11:00Z,KBTV,0.4,2211,35,48,19,0,-0.6,true,BTV,verified,Original Table 2,27013G19KT
BTV20030113,banacos_2014,02,2003-01-13T16:53:00Z,KMSS,0.4,1653,14,38,24,-5,-3.9,false,BTV,verified,Original Table 2,22021G24KT
BTV20030209,banacos_2014,03,2003-02-09T21:00:00Z,KMPV,0.4,2100,14,26,18,-7.2,-7.8,true,BTV,verified,Original Table 2,31011G18KT
BTV20031202,banacos_2014,04,2003-12-02T15:51:00Z,KMPV,0.4,1551,19,28,17,-7.8,-9.4,false,BTV,verified,Original Table 2,31013G17KT
BTV20040315,banacos_2014,05,2004-03-15T07:44:00Z,KMSS,0.4,0744,9,9,32,1.7,1.1,false,BTV,verified,Original Table 2,26020G32KT
BTV20040323,banacos_2014,06,2004-03-23T23:40:00Z,KBTV,0.4,2340,38,45,23,0.6,-1.1,false,BTV,verified,Original Table 2,30011G23KT
BTV20041203,banacos_2014,07,2004-12-03T22:00:00Z,KBTV,0.4,2200,14,20,10,-4.4,-6.1,false,BTV,verified,Original Table 2,35010KT
BTV20041217,banacos_2014,08,2004-12-17T14:42:00Z,KMPV,0.4,1442,20,20,29,0,-3.3,false,BTV,verified,Original Table 2,30021G29KT
BTV20050111,banacos_2014,09,2005-01-11T01:24:00Z,KBTV,0.8,0124,,3,25,1.1,-1.1,false,BTV,verified,Original Table 2,29013G25KT
BTV20050213,banacos_2014,10,2005-02-13T09:24:00Z,KBTV,0.4,0924,17,89,21,-4.4,-6.7,false,BTV,verified,Original Table 2,34017G21KT
BTV20050220,banacos_2014,11,2005-02-20T03:11:00Z,KBTV,0.8,0311,,13,19,-7.2,-7.8,false,BTV,verified,Original Table 2,34011G19KT
BTV20051124,banacos_2014,12,2005-11-24T23:41:00Z,KBTV,0.8,2341,,13,21,-1.1,-2.2,false,BTV,verified,Original Table 2,27015G21KT
BTV20051220,banacos_2014,13,2005-12-20T22:22:00Z,KBTV,0.8,2222,,11,19,-3.3,-5,false,BTV,verified,Original Table 2,32012G19KT
BTV20060207,banacos_2014,14,2006-02-07T04:47:00Z,KMPV,0.4,0447,4,44,16,-3.9,-6.7,true,BTV,verified,Original Table 2,32010G16KT
BTV20060224,banacos_2014,15,2006-02-24T15:10:00Z,KBTV,0.21,1510,47,64,31,-3.9,-5,false,BTV,verified,Original Table 2,31019G31KT
BTV20060301,banacos_2014,16,2006-03-01T03:09:00Z,KBTV,0.8,0309,,10,23,-9.4,-11.7,false,BTV,verified,Original Table 2,33015G23KT
BTV20060315,banacos_2014,17,2006-03-15T06:24:00Z,KMPV,0.4,0624,7,13,21,-0.6,-2.2,false,BTV,verified,Original Table 2,29016G21KT
BTV20060319,banacos_2014,18,2006-03-19T14:14:00Z,KMPV,0.4,1414,24,24,17,-7.2,-6.7,false,BTV,verified,Original Table 2,29013G17KT
BTV20070110,banacos_2014,19,2007-01-10T14:10:00Z,KBTV,0.4,1410,12,35,20,-5.6,-10.6,false,BTV,verified,Original Table 2,33015G20KT
BTV20070124,banacos_2014,20,2007-01-24T13:48:00Z,KMPV,0.4,1348,10,15,16,-7.2,-5.6,false,BTV,verified,Original Table 2,31011G16KT
BTV20070205,banacos_2014,21,2007-02-05T15:34:00Z,KMPV,0.4,1534,17,70,21,-16.7,-17.2,true,BTV,verified,Original Table 2,31014G21KT
BTV20070209,banacos_2014,22,2007-02-09T07:28:00Z,KBTV,0.8,0728,,26,23,-8.3,-11.1,false,BTV,verified,Original Table 2,34018G23KT
BTV20070305,banacos_2014,23,2007-03-05T17:42:00Z,KMPV,0.4,1742,21,31,30,-2.8,-3.9,false,BTV,verified,Original Table 2,30018G30KT
BTV20071130,banacos_2014,24,2007-11-30T21:28:00Z,KMSS,0.4,2128,15,20,25,0.6,0,false,BTV,verified,Original Table 2,21016G25KT
BTV20071208,banacos_2014,25,2007-12-08T17:21:00Z,KBTV,0.4,1721,14,25,29,2.8,0,false,BTV,verified,Original Table 2,32020G29KT
BTV20080120,banacos_2014,26,2008-01-20T06:12:00Z,KBTV,0.4,0612,8,11,26,-6.7,-10,false,BTV,verified,Original Table 2,34019G26KT
BTV20080210,banacos_2014,27,2008-02-10T16:29:00Z,KBTV,0.4,1629,22,35,13,0.6,0,false,BTV,verified,Original Table 2,33013KT
BTV20080215,banacos_2014,28,2008-02-15T20:12:00Z,KMPV,0.4,2012,26,26,24,-1.1,-5.6,false,BTV,verified,Original Table 2,32014G24KT
BTV20081207,banacos_2014,29,2008-12-07T20:38:00Z,KBTV,0.4,2038,16,22,26,-1.7,-5.6,false,BTV,verified,Original Table 2,30019G26KT
BTV20090125,banacos_2014,30,2009-01-25T20:54:00Z,KBTV,0.4,2054,18,48,18,-10,-11.7,true,BTV,verified,Original Table 2,36010G18KT
BTV20090130,banacos_2014,31,2009-01-30T22:42:00Z,KBTV,0.4,2242,29,39,16,-1.7,-4.4,false,BTV,verified,Original Table 2,27006G16KT
BTV20091229,banacos_2014,32,2009-12-29T08:18:00Z,KBTV,0.4,0818,25,25,30,-2.8,-11.1,false,BTV,verified,Original Table 2,32018G30KT
BTV20100128,banacos_2014,33,2010-01-28T19:18:00Z,KBTV,0.21,1918,14,29,20,0,-2.2,false,BTV,verified,Original Table 2,28012G20KT
BTV20101127,banacos_2014,34,2010-11-27T17:07:00Z,KBTV,0.21,1707,15,23,31,0,0.6,true,BTV,verified,Original Table 2,30013G31KT
BTV20110219,banacos_2014,35,2011-02-19T05:49:00Z,KMPV,0.4,0549,11,11,37,3.9,0,false,BTV,verified,Original Table 2,29027G37KT
BTV20110302,banacos_2014,36,2011-03-02T13:55:00Z,KMSS,0.4,1355,30,30,28,2.8,-1.7,false,BTV,verified,Original Table 2,29020G28KT
