case_id,source_study,observing_station,radar_site,window_start_utc,event_start_utc,window_end_utc,pre_event_minutes,post_event_minutes,acquisition_priority,radar_role
BTV20020323,banacos_2014,KBTV,KCXX,2002-03-23T20:41:00Z,2002-03-23T22:11:00Z,2002-03-24T00:11:00Z,90,120,primary,primary_northern_VT
BTV20020323,banacos_2014,KBTV,KTYX,2002-03-23T20:41:00Z,2002-03-23T22:11:00Z,2002-03-24T00:11:00Z,90,120,supplemental,supplemental_northern_NY
BTV20030113,banacos_2014,KMSS,KCXX,2003-01-13T15:23:00Z,2003-01-13T16:53:00Z,2003-01-13T18:53:00Z,90,120,primary,primary_northern_VT
BTV20030113,banacos_2014,KMSS,KTYX,2003-01-13T15:23:00Z,2003-01-13T16:53:00Z,2003-01-13T18:53:00Z,90,120,supplemental,supplemental_northern_NY
BTV20030209,banacos_2014,KMPV,KCXX,2003-02-09T19:30:00Z,2003-02-09T21:00:00Z,2003-02-09T23:00:00Z,90,120,primary,primary_northern_VT
BTV20030209,banacos_2014,KMPV,KTYX,2003-02-09T19:30:00Z,2003-02-09T21:00:00Z,2003-02-09T23:00:00Z,90,120,supplemental,supplemental_northern_NY
BTV20031202,banacos_2014,KMPV,KCXX,2003-12-02T14:21:00Z,2003-12-02T15:51:00Z,2003-12-02T17:51:00Z,90,120,primary,primary_northern_VT
BTV20031202,banacos_2014,KMPV,KTYX,2003-12-02T14:21:00Z,2003-12-02T15:51:00Z,2003-12-02T17:51:00Z,90,120,supplemental,supplemental_northern_NY
BTV20040315,banacos_2014,KMSS,KCXX,2004-03-15T06:14:00Z,2004-03-15T07:44:00Z,2004-03-15T09:44:00Z,90,120,primary,primary_northern_VT
BTV20040315,banacos_2014,KMSS,KTYX,2004-03-15T06:14:00Z,2004-03-15T07:44:00Z,2004-03-15T09:44:00Z,90,120,supplemental,supplemental_northern_NY
BTV20040323,banacos_2014,KBTV,KCXX,2004-03-23T22:10:00Z,2004-03-23T23:40:00Z,2004-03-24T01:40:00Z,90,120,primary,primary_northern_VT
BTV20040323,banacos_2014,KBTV,KTYX,2004-03-23T22:10:00Z,2004-03-23T23:40:00Z,2004-03-24T01:40:00Z,90,120,supplemental,supplemental_northern_NY
BTV20041203,banacos_2014,KBTV,KCXX,2004-12-03T20:30:00Z,2004-12-03T22:00:00Z,2004-12-04T00:00:00Z,90,120,primary,primary_northern_VT
BTV20041203,banacos_2014,KBTV,KTYX,2004-12-03T20:30:00Z,2004-12-03T22:00:00Z,2004-12-04T00:00:00Z,90,120,supplemental,supplemental_northern_NY
BTV20041217,banacos_2014,KMPV,KCXX,2004-12-17T13:12:00Z,2004-12-17T14:42:00Z,2004-12-17T16:42:00Z,90,120,primary,primary_northern_VT
BTV20041217,banacos_2014,KMPV,KTYX,2004-12-17T13:12:00Z,2004-12-17T14:42:00Z,2004-12-17T16:42:00Z,90,120,supplemental,supplemental_northern_NY
BTV20050111,banacos_2014,KBTV,KCXX,2005-01-10T23:54:00Z,2005-01-11T01:24:00Z,2005-01-11T03:24:00Z,90,120,primary,primary_northern_VT
BTV20050111,banacos_2014,KBTV,KTYX,2005-01-10T23:54:00Z,2005-01-11T01:24:00Z,2005-01-11T03:24:00Z,90,120,supplemental,supplemental_northern_NY
BTV20050213,banacos_2014,KBTV,KCXX,2005-02-13T07:54:00Z,2005-02-13T09:24:00Z,2005-02-13T11:24:00Z,90,120,primary,primary_northern_VT
BTV20050213,banacos_2014,KBTV,KTYX,2005-02-13T07:54:00Z,2005-02-13T09:24:00Z,2005-02-13T11:24:00Z,90,120,supplemental,supplemental_northern_NY
BTV20050220,banacos_2014,KBTV,KCXX,2005-02-20T01:41:00Z,2005-02-20T03:11:00Z,2005-02-20T05:11:00Z,90,120,primary,primary_northern_VT
BTV20050220,banacos_2014,KBTV,KTYX,2005-02-20T01:41:00Z,2005-02-20T03:11:00Z,2005-02-20T05:11:00Z,90,120,supplemental,supplemental_northern_NY
BTV20051124,banacos_2014,KBTV,KCXX,2005-11-24T22:11:00Z,2005-11-24T23:41:00Z,2005-11-25T01:41:00Z,90,120,primary,primary_northern_VT
BTV20051124,banacos_2014,KBTV,KTYX,2005-11-24T22:11:00Z,2005-11-24T23:41:00Z,2005-11-25T01:41:00Z,90,120,supplemental,supplemental_northern_NY
BTV20051220,banacos_2014,KBTV,KCXX,2005-12-20T20:52:00Z,2005-12-20T22:22:00Z,2005-12-21T00:22:00Z,90,120,primary,primary_northern_VT
BTV20051220,banacos_2014,KBTV,KTYX,2005-12-20T20:52:00Z,2005-12-20T22:22:00Z,2005-12-21T00:22:00Z,90,120,supplemental,supplemental_northern_NY
BTV20060207,banacos_2014,KMPV,KCXX,2006-02-07T03:17:00Z,2006-02-07T04:47:00Z,2006-02-07T06:47:00Z,90,120,primary,primary_northern_VT
BTV20060207,banacos_2014,KMPV,KTYX,2006-02-07T03:17:00Z,2006-02-07T04:47:00Z,2006-02-07T06:47:00Z,90,120,supplemental,supplemental_northern_NY
BTV20060224,banacos_2014,KBTV,KCXX,2006-02-24T13:40:00Z,2006-02-24T15:10:00Z,2006-02-24T17:10:00Z,90,120,primary,primary_northern_VT
BTV20060224,banacos_2014,KBTV,KTYX,2006-02-24T13:40:00Z,2006-02-24T15:10:00Z,2006-02-24T17:10:00Z,90,120,supplemental,supplemental_northern_NY
BTV20060301,banacos_2014,KBTV,KCXX,2006-03-01T01:39:00Z,2006-03-01T03:09:00Z,2006-03-01T05:09:00Z,90,120,primary,primary_northern_VT
BTV20060301,banacos_2014,KBTV,KTYX,2006-03-01T01:39:00Z,2006-03-01T03:09:00Z,2006-03-01T05:09:00Z,90,120,supplemental,supplemental_northern_NY
BTV20060315,banacos_2014,KMPV,KCXX,2006-03-15T04:54:00Z,2006-03-15T06:24:00Z,2006-03-15T08:24:00Z,90,120,primary,primary_northern_VT
BTV20060315,banacos_2014,KMPV,KTYX,2006-03-15T04:54:00Z,2006-03-15T06:24:00Z,2006-03-15T08:24:00Z,90,120,supplemental,supplemental_northern_NY
BTV20060319,banacos_2014,KMPV,KCXX,2006-03-19T12:44:00Z,2006-03-19T14:14:00Z,2006-03-19T16:14:00Z,90,120,primary,primary_northern_VT
BTV20060319,banacos_2014,KMPV,KTYX,2006-03-19T12:44:00Z,2006-03-19T14:14:00Z,2006-03-19T16:14:00Z,90,120,supplemental,supplemental_northern_NY
BTV20070110,banacos_2014,KBTV,KCXX,2007-01-10T12:40:00Z,2007-01-10T14:10:00Z,2007-01-10T16:10:00Z,90,120,primary,primary_northern_VT
BTV20070110,banacos_2014,KBTV,KTYX,2007-01-10T12:40:00Z,2007-01-10T14:10:00Z,2007-01-10T16:10:00Z,90,120,supplemental,supplemental_northern_NY
BTV20070124,banacos_2014,KMPV,KCXX,2007-01-24T12:18:00Z,2007-01-24T13:48:00Z,2007-01-24T15:48:00Z,90,120,primary,primary_northern_VT
BTV20070124,banacos_2014,KMPV,KTYX,2007-01-24T12:18:00Z,2007-01-24T13:48:00Z,2007-01-24T15:48:00Z,90,120,supplemental,supplemental_northern_NY
BTV20070205,banacos_2014,KMPV,KCXX,2007-02-05T14:04:00Z,2007-02-05T15:34:00Z,2007-02-05T17:34:00Z,90,120,primary,primary_northern_VT
BTV20070205,banacos_2014,KMPV,KTYX,2007-02-05T14:04:00Z,2007-02-05T15:34:00Z,2007-02-05T17:34:00Z,90,120,supplemental,supplemental_northern_NY
BTV20070209,banacos_2014,KBTV,KCXX,2007-02-09T05:58:00Z,2007-02-09T07:28:00Z,2007-02-09T09:28:00Z,90,120,primary,primary_northern_VT
BTV20070209,banacos_2014,KBTV,KTYX,2007-02-09T05:58:00Z,2007-02-09T07:28:00Z,2007-02-09T09:28:00Z,90,120,supplemental,supplemental_northern_NY
BTV20070305,banacos_2014,KMPV,KCXX,2007-03-05T16:12:00Z,2007-03-05T17:42:00Z,2007-03-05T19:42:00Z,90,120,primary,primary_northern_VT
BTV20070305,banacos_2014,KMPV,KTYX,2007-03-05T16:12:00Z,2007-03-05T17:42:00Z,2007-03-05T19:42:00Z,90,120,supplemental,supplemental_northern_NY
BTV20071130,banacos_2014,KMSS,KCXX,2007-11-30T19:58:00Z,2007-11-30T21:28:00Z,2007-11-30T23:28:00Z,90,120,primary,primary_northern_VT
BTV20071130,banacos_2014,KMSS,KTYX,2007-11-30T19:58:00Z,2007-11-30T21:28:00Z,2007-11-30T23:28:00Z,90,120,supplemental,supplemental_northern_NY
BTV20071208,banacos_2014,KBTV,KCXX,2007-12-08T15:51:00Z,2007-12-08T17:21:00Z,2007-12-08T19:21:00Z,90,120,primary,primary_northern_VT
BTV20071208,banacos_2014,KBTV,KTYX,2007-12-08T15:51:00Z,2007-12-08T17:21:00Z,2007-12-08T19:21:00Z,90,120,supplemental,supplemental_northern_NY
BTV20080120,banacos_2014,KBTV,KCXX,2008-01-20T04:42:00Z,2008-01-20T06:12:00Z,2008-01-20T08:12:00Z,90,120,primary,primary_northern_VT
BTV20080120,banacos_2014,KBTV,KTYX,2008-01-20T04:42:00Z,2008-01-20T06:12:00Z,2008-01-20T08:12:00Z,90,120,supplemental,supplemental_northern_NY
BTV20080210,banacos_2014,KBTV,KCXX,2008-02-10T14:59:00Z,2008-02-10T16:29:00Z,2008-02-10T18:29:00Z,90,120,primary,primary_northern_VT
BTV20080210,banacos_2014,KBTV,KTYX,2008-02-10T14:59:00Z,2008-02-10T16:29:00Z,2008-02-10T18:29:00Z,90,120,supplemental,supplemental_northern_NY
BTV20080215,banacos_2014,KMPV,KCXX,2008-02-15T18:42:00Z,2008-02-15T20:12:00Z,2008-02-15T22:12:00Z,90,120,primary,primary_northern_VT
BTV20080215,banacos_2014,KMPV,KTYX,2008-02-15T18:42:00Z,2008-02-15T20:12:00Z,2008-02-15T22:12:00Z,90,120,supplemental,supplemental_northern_NY
BTV20081207,banacos_2014,KBTV,KCXX,2008-12-07T19:08:00Z,2008-12-07T20:38:00Z,2008-12-07T22:38:00Z,90,120,primary,primary_northern_VT
BTV20081207,banacos_2014,KBTV,KTYX,2008-12-07T19:08:00Z,2008-12-07T20:38:00Z,2008-12-07T22:38:00Z,90,120,supplemental,supplemental_northern_NY
BTV20090125,banacos_2014,KBTV,KCXX,2009-01-25T19:24:00Z,2009-01-25T20:54:00Z,2009-01-25T22:54:00Z,90,120,primary,primary_northern_VT
BTV20090125,banacos_2014,KBTV,KTYX,2009-01-25T19:24:00Z,2009-01-25T20:54:00Z,2009-01-25T22:54:00Z,90,120,supplemental,supplemental_northern_NY
BTV20090130,banacos_2014,KBTV,KCXX,2009-01-30T21:12:00Z,2009-01-30T22:42:00Z,2009-01-31T00:42:00Z,90,120,primary,primary_northern_VT
BTV20090130,banacos_2014,KBTV,KTYX,2009-01-30T21:12:00Z,2009-01-30T22:42:00Z,2009-01-31T00:42:00Z,90,120,supplemental,supplemental_northern_NY
BTV20091229,banacos_2014,KBTV,KCXX,2009-12-29T06:48:00Z,2009-12-29T08:18:00Z,2009-12-29T10:18:00Z,90,120,primary,primary_northern_VT
BTV20091229,banacos_2014,KBTV,KTYX,2009-12-29T06:48:00Z,2009-12-29T08:18:00Z,2009-12-29T10:18:00Z,90,120,supplemental,supplemental_northern_NY
BTV20100128,banacos_2014,KBTV,KCXX,2010-01-28T17:48:00Z,2010-01-28T19:18:00Z,2010-01-28T21:18:00Z,90,120,primary,primary_northern_VT
BTV20100128,banacos_2014,KBTV,KTYX,2010-01-28T17:48:00Z,2010-01-28T19:18:00Z,2010-01-28T21:18:00Z,90,120,supplemental,supplemental_northern_NY
BTV20101127,banacos_2014,KBTV,KCXX,2010-11-27T15:37:00Z,2010-11-27T17:07:00Z,2010-11-27T19:07:00Z,90,120,primary,primary_northern_VT
BTV20101127,banacos_2014,KBTV,KTYX,2010-11-27T15:37:00Z,2010-11-27T17:07:00Z,2010-11-27T19:07:00Z,90,120,supplemental,supplemental_northern_NY
BTV20110219,banacos_2014,KMPV,KCXX,2011-02-19T04:19:00Z,2011-02-19T05:49:00Z,2011-02-19T07:49:00Z,90,120,primary,primary_northern_VT
BTV20110219,banacos_2014,KMPV,KTYX,2011-02-19T04:19:00Z,2011-02-19T05:49:00Z,2011-02-19T07:49:00Z,90,120,supplemental,supplemental_northern_NY
BTV20110302,banacos_2014,KMSS,KCXX,2011-03-02T12:25:00Z,2011-03-02T13:55:00Z,2011-03-02T15:55:00Z,90,120,primary,primary_northern_VT
BTV20110302,banacos_2014,KMSS,KTYX,2011-03-02T12:25:00Z,2011-03-02T13:55:00Z,2011-03-02T15:55:00Z,90,120,supplemental,supplemental_northern_NY
