cluster_id,event_start_utc,event_end_utc,report_count,state,county,lat,lon,explicit_snow_squall_language,instrument_confirmation,webcam_or_video_evidence,roadway_impact_evidence,multi_report_cluster
IEMCL201811211620_0001,2018-11-21T16:20:00Z,2018-11-21T16:56:00Z,2,NY,CLINTON,44.56,-73.45,true,false,false,false,true
IEMCL201811211831_0002,2018-11-21T18:31:00Z,2018-11-21T18:31:00Z,1,VT,CHITTENDEN,44.48,-73.15,true,true,false,false,false
IEMCL201811211910_0003,2018-11-21T19:10:00Z,2018-11-21T19:55:00Z,2,VT,RUTLAND,43.61,-72.98,true,true,false,false,true
IEMCL202103011839_0004,2021-03-01T18:39:00Z,2021-03-01T18:39:00Z,1,NY,CLINTON,44.90,-73.84,true,false,false,false,false
IEMCL202103020215_0005,2021-03-02T02:15:00Z,2021-03-02T02:15:00Z,1,VT,ADDISON,43.98,-73.10,true,false,true,false,false
IEMCL202103020323_0006,2021-03-02T03:23:00Z,2021-03-02T03:54:00Z,2,VT,RUTLAND,43.53,-72.95,true,true,false,false,true
IEMCL202202271806_0007,2022-02-27T18:06:00Z,2022-02-27T18:15:00Z,3,NY,ST LAWRENCE,44.73,-75.32,true,false,true,false,true
IEMCL202202271915_0008,2022-02-27T19:15:00Z,2022-02-27T19:55:00Z,5,NY,CLINTON,44.89,-73.84,true,false,true,false,true
IEMCL202202272049_0009,2022-02-27T20:49:00Z,2022-02-27T20:55:00Z,2,VT,LAMOILLE,44.54,-72.62,true,false,false,false,true
IEMCL202302030211_0010,2023-02-03T02:11:00Z,2023-02-03T02:53:00Z,2,NY,ST LAWRENCE,44.94,-74.85,true,true,true,false,true
IEMCL202302030335_0011,2023-02-03T03:35:00Z,2023-02-03T03:35:00Z,1,NY,CLINTON,44.90,-73.46,true,false,true,false,false
IEMCL202302030345_0012,2023-02-03T03:45:00Z,2023-02-03T03:45:00Z,1,NY,FRANKLIN,44.38,-74.20,true,true,true,false,false
IEMCL202401141630_0013,2024-01-14T16:30:00Z,2024-01-14T16:30:00Z,2,NY,ESSEX,44.25,-73.78,false,false,false,false,true
IEMCL202401141735_0014,2024-01-14T17:35:00Z,2024-01-14T17:35:00Z,1,NY,CLINTON,44.90,-73.84,false,true,false,false,false
IEMCL202401141740_0015,2024-01-14T17:40:00Z,2024-01-14T19:12:00Z,5,VT,CHITTENDEN,44.45,-73.08,true,true,true,true,true
IEMCL202401141815_0016,2024-01-14T18:15:00Z,2024-01-14T20:20:00Z,12,VT,RUTLAND,43.62,-73.17,true,false,true,true,true
IEMCL202401142033_0017,2024-01-14T20:33:00Z,2024-01-14T20:33:00Z,1,VT,ORLEANS,44.91,-72.51,false,false,false,false,false
IEMCL202403201450_0018,2024-03-20T14:50:00Z,2024-03-20T14:50:00Z,1,VT,CHITTENDEN,44.42,-73.02,false,false,false,true,false
IEMCL202403202045_0019,2024-03-20T20:45:00Z,2024-03-20T20:45:00Z,1,VT,CHITTENDEN,44.39,-73.01,false,false,false,false,false
IEMCL202501291415_0020,2025-01-29T14:15:00Z,2025-01-29T14:15:00Z,1,NY,CLINTON,44.65,-73.47,false,false,false,false,false
IEMCL202501291545_0021,2025-01-29T15:45:00Z,2025-01-29T17:01:00Z,4,VT,FRANKLIN,44.81,-73.08,false,false,false,false,true
IEMCL202502071208_0022,2025-02-07T12:08:00Z,2025-02-07T12:29:00Z,2,VT,CHITTENDEN,44.62,-73.15,false,false,false,false,true
IEMCL202512041624_0023,2025-12-04T16:24:00Z,2025-12-04T16:24:00Z,1,VT,RUTLAND,43.43,-72.99,false,true,true,false,false
IEMCL202512041810_0024,2025-12-04T18:10:00Z,2025-12-04T19:20:00Z,6,VT,CHITTENDEN,44.47,-73.15,false,true,true,false,true
IEMCL202512041925_0025,2025-12-04T19:25:00Z,2025-12-04T19:25:00Z,1,VT,RUTLAND,43.77,-73.05,false,true,false,false,false
IEMCL202601192045_0026,2026-01-19T20:45:00Z,2026-01-19T20:45:00Z,1,NY,ST LAWRENCE,44.52,-75.62,false,false,false,false,false
